date,year,month,month_name,day
2026-01-01,2026,1,January,1
2026-01-02,2026,1,January,2
2026-01-03,2026,1,January,3
2026-01-05,2026,1,January,5
2026-01-06,2026,1,January,6
2026-01-07,2026,1,January,7
2026-01-08,2026,1,January,8
2026-01-09,2026,1,January,9
2026-01-10,2026,1,January,10
2026-01-11,2026,1,January,11
2026-01-12,2026,1,January,12
2026-01-13,2026,1,January,13
2026-01-14,2026,1,January,14
2026-01-15,2026,1,January,15
2026-01-18,2026,1,January,18
2026-01-20,2026,1,January,20
2026-01-22,2026,1,January,22
2026-01-23,2026,1,January,23
2026-01-25,2026,1,January,25
2026-01-26,2026,1,January,26
2026-01-28,2026,1,January,28
2026-02-01,2026,2,February,1
2026-02-02,2026,2,February,2
2026-02-03,2026,2,February,3
2026-02-04,2026,2,February,4
2026-02-05,2026,2,February,5
2026-02-08,2026,2,February,8
2026-02-11,2026,2,February,11
2026-02-12,2026,2,February,12
2026-02-13,2026,2,February,13
2026-02-16,2026,2,February,16
2026-02-17,2026,2,February,17
2026-02-18,2026,2,February,18
2026-02-19,2026,2,February,19
2026-02-21,2026,2,February,21
2026-02-24,2026,2,February,24
2026-02-25,2026,2,February,25
2026-02-27,2026,2,February,27
2026-02-28,2026,2,February,28
2026-03-03,2026,3,March,3
2026-03-04,2026,3,March,4
2026-03-06,2026,3,March,6
2026-03-07,2026,3,March,7
2026-03-08,2026,3,March,8
2026-03-09,2026,3,March,9
2026-03-10,2026,3,March,10
2026-03-11,2026,3,March,11
2026-03-14,2026,3,March,14
2026-03-15,2026,3,March,15
2026-03-16,2026,3,March,16
2026-03-18,2026,3,March,18
2026-03-19,2026,3,March,19
2026-03-20,2026,3,March,20
2026-03-21,2026,3,March,21
2026-03-23,2026,3,March,23
2026-03-24,2026,3,March,24
2026-03-25,2026,3,March,25
2026-03-26,2026,3,March,26
2026-03-28,2026,3,March,28
2026-04-01,2026,4,April,1
2026-04-02,2026,4,April,2
2026-04-03,2026,4,April,3
2026-04-05,2026,4,April,5
2026-04-06,2026,4,April,6
2026-04-08,2026,4,April,8
2026-04-09,2026,4,April,9
2026-04-10,2026,4,April,10
2026-04-13,2026,4,April,13
2026-04-14,2026,4,April,14
2026-04-15,2026,4,April,15
2026-04-16,2026,4,April,16
2026-04-17,2026,4,April,17
2026-04-18,2026,4,April,18
2026-04-20,2026,4,April,20
2026-04-21,2026,4,April,21
2026-04-22,2026,4,April,22
2026-04-24,2026,4,April,24
2026-04-26,2026,4,April,26
2026-04-27,2026,4,April,27
2026-05-01,2026,5,May,1
2026-05-02,2026,5,May,2
2026-05-03,2026,5,May,3
2026-05-05,2026,5,May,5
2026-05-06,2026,5,May,6
2026-05-07,2026,5,May,7
2026-05-08,2026,5,May,8
2026-05-09,2026,5,May,9
2026-05-10,2026,5,May,10
2026-05-11,2026,5,May,11
2026-05-12,2026,5,May,12
2026-05-13,2026,5,May,13
2026-05-14,2026,5,May,14
2026-05-15,2026,5,May,15
2026-05-16,2026,5,May,16
2026-05-17,2026,5,May,17
2026-05-18,2026,5,May,18
2026-05-19,2026,5,May,19
2026-05-20,2026,5,May,20
2026-05-21,2026,5,May,21
2026-05-22,2026,5,May,22
2026-05-23,2026,5,May,23
2026-05-24,2026,5,May,24
2026-05-25,2026,5,May,25
2026-05-26,2026,5,May,26
2026-05-27,2026,5,May,27
2026-05-28,2026,5,May,28
2026-06-01,2026,6,June,1
2026-06-02,2026,6,June,2
2026-06-03,2026,6,June,3
2026-06-04,2026,6,June,4
2026-06-05,2026,6,June,5
2026-06-06,2026,6,June,6
2026-06-07,2026,6,June,7
2026-06-08,2026,6,June,8
2026-06-09,2026,6,June,9
2026-06-11,2026,6,June,11
2026-06-12,2026,6,June,12
2026-06-14,2026,6,June,14
2026-06-16,2026,6,June,16
2026-06-17,2026,6,June,17
2026-06-18,2026,6,June,18
2026-06-20,2026,6,June,20
2026-06-21,2026,6,June,21
2026-06-22,2026,6,June,22
2026-06-24,2026,6,June,24
2026-06-26,2026,6,June,26
2026-06-27,2026,6,June,27
2026-06-28,2026,6,June,28
2026-07-01,2026,7,July,1
2026-07-02,2026,7,July,2
2026-07-03,2026,7,July,3
2026-07-04,2026,7,July,4
2026-07-05,2026,7,July,5
2026-07-06,2026,7,July,6
2026-07-07,2026,7,July,7
2026-07-08,2026,7,July,8
2026-07-09,2026,7,July,9
2026-07-10,2026,7,July,10
2026-07-11,2026,7,July,11
2026-07-12,2026,7,July,12
2026-07-13,2026,7,July,13
2026-07-14,2026,7,July,14
2026-07-15,2026,7,July,15
2026-07-16,2026,7,July,16
2026-07-17,2026,7,July,17
2026-07-18,2026,7,July,18
2026-07-19,2026,7,July,19
2026-07-20,2026,7,July,20
2026-07-23,2026,7,July,23
2026-07-24,2026,7,July,24
2026-07-25,2026,7,July,25
2026-07-27,2026,7,July,27
2026-07-28,2026,7,July,28
2026-08-01,2026,8,August,1
2026-08-02,2026,8,August,2
2026-08-03,2026,8,August,3
2026-08-04,2026,8,August,4
2026-08-05,2026,8,August,5
2026-08-06,2026,8,August,6
2026-08-09,2026,8,August,9
2026-08-10,2026,8,August,10
2026-08-11,2026,8,August,11
2026-08-12,2026,8,August,12
2026-08-15,2026,8,August,15
2026-08-16,2026,8,August,16
2026-08-17,2026,8,August,17
2026-08-19,2026,8,August,19
2026-08-20,2026,8,August,20
2026-08-21,2026,8,August,21
2026-08-22,2026,8,August,22
2026-08-24,2026,8,August,24
2026-08-25,2026,8,August,25
2026-08-26,2026,8,August,26
2026-08-27,2026,8,August,27
2026-08-28,2026,8,August,28
2026-09-01,2026,9,September,1
2026-09-02,2026,9,September,2
2026-09-03,2026,9,September,3
2026-09-05,2026,9,September,5
2026-09-06,2026,9,September,6
2026-09-09,2026,9,September,9
2026-09-10,2026,9,September,10
2026-09-11,2026,9,September,11
2026-09-12,2026,9,September,12
2026-09-13,2026,9,September,13
2026-09-14,2026,9,September,14
2026-09-15,2026,9,September,15
2026-09-16,2026,9,September,16
2026-09-18,2026,9,September,18
2026-09-20,2026,9,September,20
2026-09-21,2026,9,September,21
2026-09-22,2026,9,September,22
2026-09-25,2026,9,September,25
2026-09-26,2026,9,September,26
2026-09-27,2026,9,September,27
2026-09-28,2026,9,September,28
2026-10-01,2026,10,October,1
2026-10-02,2026,10,October,2
2026-10-04,2026,10,October,4
2026-10-05,2026,10,October,5
2026-10-12,2026,10,October,12
2026-10-13,2026,10,October,13
2026-10-14,2026,10,October,14
2026-10-16,2026,10,October,16
2026-10-17,2026,10,October,17
2026-10-18,2026,10,October,18
2026-10-19,2026,10,October,19
2026-10-20,2026,10,October,20
2026-10-21,2026,10,October,21
2026-10-22,2026,10,October,22
2026-10-23,2026,10,October,23
2026-10-24,2026,10,October,24
2026-10-25,2026,10,October,25
2026-10-26,2026,10,October,26
2026-10-27,2026,10,October,27
