customer_id,customer_name,gender,age
1,Customer_001,Male,19
2,Customer_002,Female,33
3,Customer_003,Male,26
4,Customer_004,Male,52
5,Customer_005,Male,55
6,Customer_006,Female,20
7,Customer_007,Male,23
8,Customer_008,Male,32
9,Customer_009,Male,53
10,Customer_010,Male,52
11,Customer_011,Female,32
12,Customer_012,Female,55
13,Customer_013,Female,18
14,Customer_014,Male,45
15,Customer_015,Female,35
16,Customer_016,Male,31
17,Customer_017,Female,24
18,Customer_018,Male,42
19,Customer_019,Male,40
20,Customer_020,Female,34
21,Customer_021,Male,47
22,Customer_022,Male,42
23,Customer_023,Male,53
24,Customer_024,Female,41
25,Customer_025,Male,22
26,Customer_026,Male,32
27,Customer_027,Female,23
28,Customer_028,Male,24
29,Customer_029,Female,35
30,Customer_030,Female,41
31,Customer_031,Male,41
32,Customer_032,Female,31
33,Customer_033,Female,22
34,Customer_034,Male,52
35,Customer_035,Male,28
36,Customer_036,Female,42
37,Customer_037,Female,53
38,Customer_038,Male,38
39,Customer_039,Male,32
40,Customer_040,Male,38
41,Customer_041,Female,35
42,Customer_042,Male,31
43,Customer_043,Female,31
44,Customer_044,Female,43
45,Customer_045,Female,27
46,Customer_046,Female,26
47,Customer_047,Male,53
48,Customer_048,Female,55
49,Customer_049,Female,55
50,Customer_050,Female,41
51,Customer_051,Male,26
52,Customer_052,Female,23
53,Customer_053,Male,25
54,Customer_054,Male,28
55,Customer_055,Female,22
56,Customer_056,Female,42
57,Customer_057,Female,51
58,Customer_058,Female,53
59,Customer_059,Male,25
60,Customer_060,Female,39
61,Customer_061,Male,36
62,Customer_062,Female,28
63,Customer_063,Female,18
64,Customer_064,Female,50
65,Customer_065,Male,50
66,Customer_066,Male,37
67,Customer_067,Male,27
68,Customer_068,Female,28
69,Customer_069,Male,38
70,Customer_070,Female,19
71,Customer_071,Male,41
72,Customer_072,Female,33
73,Customer_073,Male,33
74,Customer_074,Male,23
75,Customer_075,Female,22
76,Customer_076,Male,26
77,Customer_077,Female,53
78,Customer_078,Male,34
79,Customer_079,Female,31
80,Customer_080,Male,37
81,Customer_081,Female,41
82,Customer_082,Female,51
83,Customer_083,Female,25
84,Customer_084,Male,32
85,Customer_085,Male,39
86,Customer_086,Male,55
87,Customer_087,Male,55
88,Customer_088,Male,18
89,Customer_089,Male,21
90,Customer_090,Male,22
91,Customer_091,Male,39
92,Customer_092,Male,50
93,Customer_093,Male,35
94,Customer_094,Female,31
95,Customer_095,Male,54
96,Customer_096,Female,33
97,Customer_097,Female,44
98,Customer_098,Male,24
99,Customer_099,Male,45
100,Customer_100,Female,45
