sale_id,transaction_id,date,customer_id,product_id,quantity,unit_price,discount_percent,total_amount
1,1,2026-02-01,82,12,3,90,0,270.0
2,1,2026-02-01,82,14,3,75,0,225.0
3,1,2026-02-01,82,5,3,120,10,324.0
4,2,2026-01-03,5,9,1,80,0,80.0
5,2,2026-01-03,5,10,3,55,10,148.5
6,2,2026-01-03,5,11,1,45,10,40.5
7,2,2026-01-03,5,20,3,125,5,356.25
8,3,2026-03-23,1,2,1,40,0,40.0
9,3,2026-03-23,1,6,2,30,0,60.0
10,4,2026-07-04,12,18,3,110,5,313.5
11,4,2026-07-04,12,19,1,95,10,85.5
12,5,2026-02-13,69,1,3,55,5,156.75
13,5,2026-02-13,69,4,3,60,0,180.0
14,6,2026-02-02,91,12,1,90,0,90.0
15,6,2026-02-02,91,13,1,140,10,126.0
16,7,2026-08-21,36,18,1,110,5,104.5
17,7,2026-08-21,36,19,3,95,0,285.0
18,7,2026-08-21,36,12,3,90,0,270.0
19,8,2026-04-06,69,1,3,55,0,165.0
20,8,2026-04-06,69,12,3,90,5,256.5
21,9,2026-01-08,99,1,2,55,5,104.5
22,9,2026-01-08,99,2,1,40,0,40.0
23,10,2026-06-07,73,3,3,70,10,189.0
24,10,2026-06-07,73,2,1,40,5,38.0
25,11,2026-04-24,18,12,2,90,10,162.0
26,11,2026-04-24,18,14,2,75,0,150.0
27,12,2026-09-16,18,1,1,55,0,55.0
28,12,2026-09-16,18,4,3,60,0,180.0
29,13,2026-07-20,88,1,3,55,10,148.5
30,13,2026-07-20,88,4,3,60,5,171.0
31,14,2026-01-22,71,3,3,70,5,199.5
32,14,2026-01-22,71,4,3,60,5,171.0
33,14,2026-01-22,71,5,1,120,5,114.0
34,15,2026-03-15,56,1,3,55,5,156.75
35,15,2026-03-15,56,2,3,40,0,120.0
36,15,2026-03-15,56,3,3,70,0,210.0
37,16,2026-05-27,81,9,1,80,5,76.0
38,16,2026-05-27,81,1,1,55,0,55.0
39,17,2026-06-16,77,1,2,55,0,110.0
40,17,2026-06-16,77,2,1,40,0,40.0
41,17,2026-06-16,77,3,3,70,0,210.0
42,17,2026-06-16,77,12,1,90,10,81.0
43,18,2026-09-25,9,6,3,30,0,90.0
44,18,2026-09-25,9,7,2,35,10,63.0
45,18,2026-09-25,9,16,1,35,0,35.0
46,19,2026-05-13,92,18,3,110,10,297.0
47,19,2026-05-13,92,19,1,95,0,95.0
48,20,2026-02-11,29,1,1,55,0,55.0
49,20,2026-02-11,29,2,1,40,0,40.0
50,20,2026-02-11,29,3,3,70,0,210.0
51,21,2026-02-02,30,16,2,35,10,63.0
52,21,2026-02-02,30,17,1,85,0,85.0
53,21,2026-02-02,30,8,3,45,10,121.5
54,22,2026-08-26,32,2,3,40,10,108.0
55,22,2026-08-26,32,6,2,30,10,54.0
56,22,2026-08-26,32,4,2,60,10,108.0
57,23,2026-01-22,94,3,1,70,0,70.0
58,23,2026-01-22,94,4,1,60,0,60.0
59,23,2026-01-22,94,5,3,120,10,324.0
60,23,2026-01-22,94,11,1,45,10,40.5
61,24,2026-05-15,24,12,1,90,10,81.0
62,24,2026-05-15,24,13,3,140,0,420.0
63,25,2026-09-27,7,1,1,55,0,55.0
64,25,2026-09-27,7,2,2,40,10,72.0
65,25,2026-09-27,7,3,2,70,0,140.0
66,26,2026-01-06,52,18,2,110,10,198.0
67,26,2026-01-06,52,20,2,125,10,225.0
68,26,2026-01-06,52,13,3,140,10,378.0
69,27,2026-04-10,20,9,3,80,0,240.0
70,27,2026-04-10,20,10,3,55,5,156.75
71,27,2026-04-10,20,11,1,45,0,45.0
72,28,2026-08-17,75,9,1,80,0,80.0
73,28,2026-08-17,75,1,1,55,0,55.0
74,28,2026-08-17,75,17,3,85,0,255.0
75,29,2026-02-19,52,12,1,90,0,90.0
76,29,2026-02-19,52,13,2,140,5,266.0
77,30,2026-04-22,34,16,1,35,5,33.25
78,30,2026-04-22,34,17,2,85,5,161.5
79,30,2026-04-22,34,13,1,140,0,140.0
80,31,2026-10-19,59,3,3,70,5,199.5
81,31,2026-10-19,59,4,1,60,5,57.0
82,31,2026-10-19,59,5,1,120,0,120.0
83,31,2026-10-19,59,7,2,35,5,66.5
84,32,2026-08-27,21,15,3,160,0,480.0
85,32,2026-08-27,21,16,3,35,5,99.75
86,33,2026-02-05,85,12,3,90,0,270.0
87,33,2026-02-05,85,14,2,75,5,142.5
88,33,2026-02-05,85,4,3,60,0,180.0
89,34,2026-06-07,92,12,2,90,0,180.0
90,34,2026-06-07,92,14,1,75,10,67.5
91,35,2026-01-01,36,16,3,35,5,99.75
92,35,2026-01-01,36,17,1,85,10,76.5
93,36,2026-07-18,71,1,3,55,0,165.0
94,36,2026-07-18,71,2,2,40,0,80.0
95,36,2026-07-18,71,3,2,70,0,140.0
96,36,2026-07-18,71,5,1,120,5,114.0
97,37,2026-01-12,47,9,3,80,0,240.0
98,37,2026-01-12,47,10,2,55,10,99.0
99,37,2026-01-12,47,11,3,45,0,135.0
100,38,2026-03-26,31,7,1,35,0,35.0
101,38,2026-03-26,31,8,3,45,5,128.25
102,39,2026-04-09,53,7,1,35,10,31.5
103,39,2026-04-09,53,8,1,45,10,40.5
104,40,2026-04-27,29,1,1,55,0,55.0
105,40,2026-04-27,29,12,1,90,0,90.0
106,41,2026-06-09,52,1,2,55,5,104.5
107,41,2026-06-09,52,4,3,60,10,162.0
108,42,2026-09-11,87,1,1,55,5,52.25
109,42,2026-09-11,87,2,1,40,0,40.0
110,42,2026-09-11,87,3,3,70,10,189.0
111,42,2026-09-11,87,9,2,80,5,152.0
112,43,2026-10-17,56,3,3,70,0,210.0
113,43,2026-10-17,56,4,2,60,0,120.0
114,43,2026-10-17,56,5,3,120,10,324.0
115,44,2026-09-26,1,9,1,80,5,76.0
116,44,2026-09-26,1,10,3,55,5,156.75
117,44,2026-09-26,1,11,3,45,0,135.0
118,45,2026-05-17,93,15,2,160,10,288.0
119,45,2026-05-17,93,16,3,35,5,99.75
120,46,2026-03-07,71,2,2,40,0,80.0
121,46,2026-03-07,71,6,3,30,5,85.5
122,47,2026-09-27,52,1,1,55,10,49.5
123,47,2026-09-27,52,2,3,40,5,114.0
124,47,2026-09-27,52,3,2,70,10,126.0
125,48,2026-04-17,57,3,3,70,0,210.0
126,48,2026-04-17,57,2,3,40,0,120.0
127,49,2026-09-22,37,16,3,35,5,99.75
128,49,2026-09-22,37,17,1,85,0,85.0
129,49,2026-09-22,37,8,1,45,0,45.0
130,50,2026-04-16,6,1,3,55,0,165.0
131,50,2026-04-16,6,4,3,60,10,162.0
132,51,2026-07-08,64,6,1,30,0,30.0
133,51,2026-07-08,64,7,2,35,0,70.0
134,52,2026-09-15,23,1,1,55,10,49.5
135,52,2026-09-15,23,2,1,40,10,36.0
136,53,2026-09-18,86,16,2,35,10,63.0
137,53,2026-09-18,86,17,3,85,10,229.5
138,54,2026-08-15,21,12,3,90,5,256.5
139,54,2026-08-15,21,14,3,75,10,202.5
140,55,2026-04-09,81,1,1,55,5,52.25
141,55,2026-04-09,81,12,2,90,5,171.0
142,55,2026-04-09,81,10,3,55,0,165.0
143,56,2026-03-08,18,18,3,110,0,330.0
144,56,2026-03-08,18,20,1,125,10,112.5
145,57,2026-06-18,53,1,1,55,10,49.5
146,57,2026-06-18,53,12,2,90,0,180.0
147,58,2026-10-13,98,3,2,70,10,126.0
148,58,2026-10-13,98,2,2,40,0,80.0
149,58,2026-10-13,98,12,2,90,0,180.0
150,59,2026-07-16,35,1,3,55,10,148.5
151,59,2026-07-16,35,2,3,40,0,120.0
152,59,2026-07-16,35,3,2,70,0,140.0
153,60,2026-09-01,80,18,3,110,0,330.0
154,60,2026-09-01,80,20,1,125,10,112.5
155,61,2026-08-06,18,1,1,55,10,49.5
156,61,2026-08-06,18,2,2,40,5,76.0
157,61,2026-08-06,18,11,2,45,5,85.5
158,62,2026-07-09,97,1,3,55,0,165.0
159,62,2026-07-09,97,4,2,60,0,120.0
160,63,2026-02-25,84,1,1,55,0,55.0
161,63,2026-02-25,84,2,1,40,0,40.0
162,64,2026-03-16,31,3,1,70,10,63.0
163,64,2026-03-16,31,4,3,60,5,171.0
164,64,2026-03-16,31,5,2,120,0,240.0
165,65,2026-10-24,78,3,1,70,5,66.5
166,65,2026-10-24,78,4,1,60,0,60.0
167,65,2026-10-24,78,5,2,120,10,216.0
168,66,2026-04-03,51,12,3,90,0,270.0
169,66,2026-04-03,51,13,3,140,0,420.0
170,66,2026-04-03,51,10,2,55,10,99.0
171,67,2026-06-03,85,9,1,80,10,72.0
172,67,2026-06-03,85,1,2,55,0,110.0
173,68,2026-06-21,56,1,2,55,0,110.0
174,68,2026-06-21,56,12,3,90,5,256.5
175,69,2026-09-25,79,3,3,70,5,199.5
176,69,2026-09-25,79,2,2,40,0,80.0
177,70,2026-05-15,12,12,3,90,10,243.0
178,70,2026-05-15,12,13,2,140,0,280.0
179,71,2026-06-06,64,3,2,70,5,133.0
180,71,2026-06-06,64,2,3,40,5,114.0
181,71,2026-06-06,64,9,3,80,0,240.0
182,72,2026-04-03,67,12,2,90,0,180.0
183,72,2026-04-03,67,13,3,140,10,378.0
184,73,2026-08-15,83,1,2,55,0,110.0
185,73,2026-08-15,83,2,2,40,5,76.0
186,73,2026-08-15,83,3,2,70,5,133.0
187,73,2026-08-15,83,8,2,45,5,85.5
188,74,2026-08-09,46,15,3,160,0,480.0
189,74,2026-08-09,46,16,2,35,0,70.0
190,74,2026-08-09,46,4,3,60,0,180.0
191,75,2026-04-24,25,3,3,70,5,199.5
192,75,2026-04-24,25,2,1,40,0,40.0
193,75,2026-04-24,25,19,2,95,0,190.0
194,76,2026-03-10,47,1,1,55,5,52.25
195,76,2026-03-10,47,2,1,40,0,40.0
196,76,2026-03-10,47,3,3,70,5,199.5
197,77,2026-03-21,90,3,3,70,5,199.5
198,77,2026-03-21,90,2,2,40,10,72.0
199,77,2026-03-21,90,1,2,55,5,104.5
200,78,2026-01-09,24,3,2,70,10,126.0
201,78,2026-01-09,24,2,1,40,0,40.0
202,79,2026-03-26,20,15,1,160,10,144.0
203,79,2026-03-26,20,16,3,35,0,105.0
204,79,2026-03-26,20,8,3,45,10,121.5
205,80,2026-08-10,58,2,3,40,0,120.0
206,80,2026-08-10,58,6,3,30,0,90.0
207,81,2026-04-21,98,9,1,80,0,80.0
208,81,2026-04-21,98,10,1,55,0,55.0
209,81,2026-04-21,98,11,1,45,0,45.0
210,81,2026-04-21,98,3,2,70,10,126.0
211,82,2026-10-16,89,15,3,160,5,456.0
212,82,2026-10-16,89,16,3,35,10,94.5
213,82,2026-10-16,89,10,1,55,0,55.0
214,83,2026-10-22,34,9,3,80,0,240.0
215,83,2026-10-22,34,10,3,55,0,165.0
216,83,2026-10-22,34,11,2,45,0,90.0
217,84,2026-01-06,10,15,3,160,5,456.0
218,84,2026-01-06,10,16,2,35,0,70.0
219,85,2026-05-23,60,18,3,110,10,297.0
220,85,2026-05-23,60,20,2,125,0,250.0
221,86,2026-01-14,77,16,1,35,0,35.0
222,86,2026-01-14,77,17,1,85,0,85.0
223,87,2026-05-19,98,1,1,55,10,49.5
224,87,2026-05-19,98,2,3,40,10,108.0
225,88,2026-03-19,36,2,2,40,0,80.0
226,88,2026-03-19,36,6,2,30,5,57.0
227,89,2026-06-11,53,3,2,70,10,126.0
228,89,2026-06-11,53,4,3,60,10,162.0
229,89,2026-06-11,53,5,2,120,10,216.0
230,90,2026-09-02,98,1,2,55,0,110.0
231,90,2026-09-02,98,12,2,90,0,180.0
232,90,2026-09-02,98,9,3,80,10,216.0
233,91,2026-01-07,53,9,2,80,10,144.0
234,91,2026-01-07,53,1,1,55,0,55.0
235,92,2026-09-05,35,15,3,160,10,432.0
236,92,2026-09-05,35,16,1,35,0,35.0
237,93,2026-10-26,81,12,2,90,0,180.0
238,93,2026-10-26,81,13,3,140,10,378.0
239,94,2026-04-27,12,3,1,70,0,70.0
240,94,2026-04-27,12,4,2,60,5,114.0
241,94,2026-04-27,12,5,3,120,5,342.0
242,95,2026-08-16,54,12,1,90,10,81.0
243,95,2026-08-16,54,13,1,140,0,140.0
244,96,2026-05-25,9,2,3,40,5,114.0
245,96,2026-05-25,9,6,1,30,5,28.5
246,97,2026-05-27,93,3,2,70,10,126.0
247,97,2026-05-27,93,2,2,40,5,76.0
248,98,2026-09-13,71,1,1,55,0,55.0
249,98,2026-09-13,71,12,3,90,10,243.0
250,99,2026-07-02,30,16,3,35,10,94.5
251,99,2026-07-02,30,17,2,85,0,170.0
252,100,2026-01-05,64,9,2,80,0,160.0
253,100,2026-01-05,64,1,2,55,0,110.0
254,101,2026-08-01,68,6,3,30,0,90.0
255,101,2026-08-01,68,7,1,35,10,31.5
256,102,2026-06-20,34,18,2,110,10,198.0
257,102,2026-06-20,34,20,2,125,10,225.0
258,103,2026-01-20,70,1,1,55,0,55.0
259,103,2026-01-20,70,4,2,60,0,120.0
260,103,2026-01-20,70,10,3,55,0,165.0
261,104,2026-03-23,57,15,1,160,5,152.0
262,104,2026-03-23,57,16,1,35,5,33.25
263,105,2026-06-14,46,6,3,30,0,90.0
264,105,2026-06-14,46,7,1,35,0,35.0
265,105,2026-06-14,46,14,1,75,10,67.5
266,106,2026-04-16,80,6,2,30,5,57.0
267,106,2026-04-16,80,7,3,35,0,105.0
268,106,2026-04-16,80,9,2,80,5,152.0
269,107,2026-09-06,87,1,2,55,5,104.5
270,107,2026-09-06,87,4,3,60,10,162.0
271,108,2026-05-15,89,15,2,160,0,320.0
272,108,2026-05-15,89,16,1,35,10,31.5
273,108,2026-05-15,89,13,3,140,5,399.0
274,109,2026-05-23,74,15,2,160,0,320.0
275,109,2026-05-23,74,16,3,35,0,105.0
276,109,2026-05-23,74,13,3,140,10,378.0
277,110,2026-04-20,37,18,3,110,5,313.5
278,110,2026-04-20,37,19,3,95,0,285.0
279,110,2026-04-20,37,7,3,35,0,105.0
280,111,2026-01-10,81,1,3,55,0,165.0
281,111,2026-01-10,81,12,1,90,5,85.5
282,112,2026-07-06,42,9,2,80,5,152.0
283,112,2026-07-06,42,10,1,55,5,52.25
284,112,2026-07-06,42,11,2,45,5,85.5
285,112,2026-07-06,42,18,3,110,5,313.5
286,113,2026-08-03,15,6,1,30,10,27.0
287,113,2026-08-03,15,7,3,35,5,99.75
288,114,2026-07-01,12,12,2,90,5,171.0
289,114,2026-07-01,12,14,3,75,5,213.75
290,115,2026-07-27,75,18,2,110,0,220.0
291,115,2026-07-27,75,19,3,95,5,270.75
292,115,2026-07-27,75,8,3,45,0,135.0
293,116,2026-02-21,83,1,2,55,10,99.0
294,116,2026-02-21,83,12,1,90,0,90.0
295,117,2026-01-10,6,3,3,70,0,210.0
296,117,2026-01-10,6,2,2,40,10,72.0
297,117,2026-01-10,6,8,2,45,10,81.0
298,118,2026-03-14,76,3,3,70,10,189.0
299,118,2026-03-14,76,4,2,60,0,120.0
300,118,2026-03-14,76,5,3,120,5,342.0
301,119,2026-08-15,28,12,1,90,5,85.5
302,119,2026-08-15,28,13,3,140,5,399.0
303,120,2026-07-09,8,9,2,80,0,160.0
304,120,2026-07-09,8,10,3,55,0,165.0
305,120,2026-07-09,8,11,3,45,0,135.0
306,121,2026-06-08,7,6,1,30,0,30.0
307,121,2026-06-08,7,7,3,35,0,105.0
308,122,2026-04-27,76,12,1,90,0,90.0
309,122,2026-04-27,76,13,2,140,0,280.0
310,123,2026-09-09,17,7,1,35,0,35.0
311,123,2026-09-09,17,8,2,45,0,90.0
312,123,2026-09-09,17,1,3,55,5,156.75
313,124,2026-03-09,3,1,3,55,0,165.0
314,124,2026-03-09,3,2,3,40,0,120.0
315,124,2026-03-09,3,14,2,75,10,135.0
316,125,2026-06-17,100,3,1,70,0,70.0
317,125,2026-06-17,100,4,3,60,5,171.0
318,125,2026-06-17,100,5,2,120,0,240.0
319,126,2026-08-28,8,18,1,110,10,99.0
320,126,2026-08-28,8,20,3,125,10,337.5
321,127,2026-02-11,10,6,3,30,5,85.5
322,127,2026-02-11,10,7,2,35,5,66.5
323,127,2026-02-11,10,9,2,80,10,144.0
324,128,2026-02-28,13,9,1,80,10,72.0
325,128,2026-02-28,13,10,2,55,10,99.0
326,128,2026-02-28,13,11,2,45,10,81.0
327,129,2026-02-11,94,2,2,40,5,76.0
328,129,2026-02-11,94,6,1,30,10,27.0
329,130,2026-02-27,9,1,3,55,5,156.75
330,130,2026-02-27,9,4,1,60,0,60.0
331,131,2026-09-18,76,16,2,35,5,66.5
332,131,2026-09-18,76,17,3,85,10,229.5
333,132,2026-01-10,93,15,3,160,0,480.0
334,132,2026-01-10,93,16,1,35,10,31.5
335,133,2026-02-12,29,18,3,110,0,330.0
336,133,2026-02-12,29,19,2,95,0,190.0
337,133,2026-02-12,29,9,3,80,5,228.0
338,134,2026-03-09,4,15,2,160,0,320.0
339,134,2026-03-09,4,16,1,35,0,35.0
340,135,2026-07-03,73,6,1,30,0,30.0
341,135,2026-07-03,73,7,3,35,0,105.0
342,136,2026-07-15,49,16,3,35,5,99.75
343,136,2026-07-15,49,17,3,85,0,255.0
344,136,2026-07-15,49,10,1,55,0,55.0
345,137,2026-10-02,21,1,2,55,10,99.0
346,137,2026-10-02,21,4,2,60,5,114.0
347,137,2026-10-02,21,14,1,75,0,75.0
348,138,2026-07-04,45,15,3,160,10,432.0
349,138,2026-07-04,45,16,3,35,5,99.75
350,139,2026-04-13,6,1,1,55,0,55.0
351,139,2026-04-13,6,2,2,40,5,76.0
352,139,2026-04-13,6,10,2,55,0,110.0
353,140,2026-08-24,1,2,3,40,0,120.0
354,140,2026-08-24,1,6,3,30,5,85.5
355,140,2026-08-24,1,13,1,140,10,126.0
356,141,2026-01-14,95,1,1,55,5,52.25
357,141,2026-01-14,95,2,3,40,10,108.0
358,141,2026-01-14,95,3,3,70,10,189.0
359,142,2026-07-10,91,3,2,70,0,140.0
360,142,2026-07-10,91,4,3,60,10,162.0
361,142,2026-07-10,91,5,3,120,5,342.0
362,143,2026-07-28,12,3,2,70,0,140.0
363,143,2026-07-28,12,4,2,60,5,114.0
364,143,2026-07-28,12,5,3,120,5,342.0
365,143,2026-07-28,12,19,1,95,5,90.25
366,144,2026-03-03,100,9,3,80,0,240.0
367,144,2026-03-03,100,1,2,55,5,104.5
368,145,2026-03-08,94,3,1,70,0,70.0
369,145,2026-03-08,94,4,3,60,0,180.0
370,145,2026-03-08,94,5,1,120,10,108.0
371,145,2026-03-08,94,7,2,35,10,63.0
372,146,2026-10-21,88,16,3,35,5,99.75
373,146,2026-10-21,88,17,1,85,10,76.5
374,147,2026-08-15,9,15,3,160,0,480.0
375,147,2026-08-15,9,16,2,35,0,70.0
376,148,2026-08-15,40,1,1,55,0,55.0
377,148,2026-08-15,40,2,3,40,10,108.0
378,148,2026-08-15,40,10,2,55,0,110.0
379,149,2026-10-21,58,9,2,80,0,160.0
380,149,2026-10-21,58,10,1,55,10,49.5
381,149,2026-10-21,58,11,1,45,5,42.75
382,150,2026-02-17,92,7,2,35,0,70.0
383,150,2026-02-17,92,8,2,45,5,85.5
384,150,2026-02-17,92,15,2,160,10,288.0
385,151,2026-06-22,53,1,3,55,5,156.75
386,151,2026-06-22,53,2,1,40,5,38.0
387,152,2026-09-22,13,18,1,110,5,104.5
388,152,2026-09-22,13,20,1,125,0,125.0
389,153,2026-05-21,45,18,2,110,10,198.0
390,153,2026-05-21,45,20,3,125,5,356.25
391,153,2026-05-21,45,3,1,70,0,70.0
392,154,2026-07-17,83,18,1,110,0,110.0
393,154,2026-07-17,83,19,2,95,10,171.0
394,154,2026-07-17,83,10,1,55,0,55.0
395,155,2026-03-03,18,15,1,160,0,160.0
396,155,2026-03-03,18,16,3,35,5,99.75
397,156,2026-10-05,99,18,3,110,0,330.0
398,156,2026-10-05,99,20,3,125,10,337.5
399,156,2026-10-05,99,6,1,30,10,27.0
400,157,2026-04-15,47,15,2,160,0,320.0
401,157,2026-04-15,47,16,3,35,0,105.0
402,158,2026-08-27,40,9,3,80,10,216.0
403,158,2026-08-27,40,10,2,55,5,104.5
404,158,2026-08-27,40,11,2,45,10,81.0
405,159,2026-04-26,21,6,1,30,10,27.0
406,159,2026-04-26,21,7,2,35,0,70.0
407,160,2026-09-28,92,3,2,70,10,126.0
408,160,2026-09-28,92,4,3,60,0,180.0
409,160,2026-09-28,92,5,2,120,0,240.0
410,160,2026-09-28,92,6,1,30,10,27.0
411,161,2026-01-14,45,1,2,55,0,110.0
412,161,2026-01-14,45,2,2,40,0,80.0
413,162,2026-04-01,48,16,3,35,5,99.75
414,162,2026-04-01,48,17,1,85,0,85.0
415,163,2026-05-27,5,3,1,70,10,63.0
416,163,2026-05-27,5,2,2,40,0,80.0
417,164,2026-01-09,11,9,3,80,10,216.0
418,164,2026-01-09,11,10,1,55,5,52.25
419,164,2026-01-09,11,11,1,45,5,42.75
420,165,2026-01-08,16,2,3,40,10,108.0
421,165,2026-01-08,16,6,1,30,0,30.0
422,166,2026-10-18,64,1,3,55,0,165.0
423,166,2026-10-18,64,2,3,40,0,120.0
424,166,2026-10-18,64,3,2,70,10,126.0
425,167,2026-10-12,1,12,1,90,0,90.0
426,167,2026-10-12,1,13,3,140,5,399.0
427,168,2026-09-18,9,9,3,80,0,240.0
428,168,2026-09-18,9,1,2,55,10,99.0
429,169,2026-07-12,6,12,2,90,0,180.0
430,169,2026-07-12,6,14,2,75,0,150.0
431,170,2026-02-25,94,16,3,35,5,99.75
432,170,2026-02-25,94,17,3,85,0,255.0
433,170,2026-02-25,94,12,3,90,10,243.0
434,171,2026-08-21,90,7,1,35,10,31.5
435,171,2026-08-21,90,8,1,45,5,42.75
436,172,2026-01-26,26,9,2,80,5,152.0
437,172,2026-01-26,26,10,3,55,10,148.5
438,172,2026-01-26,26,11,3,45,10,121.5
439,173,2026-01-25,33,9,3,80,5,228.0
440,173,2026-01-25,33,10,2,55,0,110.0
441,173,2026-01-25,33,11,2,45,10,81.0
442,173,2026-01-25,33,2,2,40,10,72.0
443,174,2026-06-06,50,3,2,70,5,133.0
444,174,2026-06-06,50,2,1,40,10,36.0
445,175,2026-07-20,11,7,2,35,0,70.0
446,175,2026-07-20,11,8,1,45,5,42.75
447,176,2026-05-10,85,1,2,55,0,110.0
448,176,2026-05-10,85,12,3,90,10,243.0
449,177,2026-08-02,45,18,2,110,5,209.0
450,177,2026-08-02,45,19,3,95,0,285.0
451,178,2026-07-12,10,9,3,80,0,240.0
452,178,2026-07-12,10,1,1,55,0,55.0
453,179,2026-08-02,78,6,2,30,10,54.0
454,179,2026-08-02,78,7,3,35,0,105.0
455,179,2026-08-02,78,12,3,90,0,270.0
456,180,2026-08-12,87,18,1,110,0,110.0
457,180,2026-08-12,87,19,3,95,5,270.75
458,181,2026-06-21,51,12,1,90,0,90.0
459,181,2026-06-21,51,14,2,75,10,135.0
460,181,2026-06-21,51,4,3,60,0,180.0
461,182,2026-05-23,34,1,2,55,10,99.0
462,182,2026-05-23,34,12,1,90,0,90.0
463,182,2026-05-23,34,20,1,125,0,125.0
464,183,2026-03-23,58,1,3,55,5,156.75
465,183,2026-03-23,58,12,3,90,5,256.5
466,184,2026-02-18,91,15,1,160,0,160.0
467,184,2026-02-18,91,16,2,35,0,70.0
468,185,2026-04-26,16,6,1,30,5,28.5
469,185,2026-04-26,16,7,3,35,5,99.75
470,185,2026-04-26,16,16,2,35,0,70.0
471,186,2026-02-03,79,15,3,160,10,432.0
472,186,2026-02-03,79,16,3,35,10,94.5
473,187,2026-07-27,99,1,3,55,0,165.0
474,187,2026-07-27,99,4,2,60,10,108.0
475,187,2026-07-27,99,11,3,45,5,128.25
476,188,2026-09-21,17,7,1,35,10,31.5
477,188,2026-09-21,17,8,3,45,0,135.0
478,189,2026-09-05,16,15,3,160,0,480.0
479,189,2026-09-05,16,16,2,35,5,66.5
480,189,2026-09-05,16,11,1,45,5,42.75
481,190,2026-09-09,26,6,3,30,0,90.0
482,190,2026-09-09,26,7,3,35,0,105.0
483,191,2026-10-05,76,7,3,35,5,99.75
484,191,2026-10-05,76,8,3,45,0,135.0
485,192,2026-02-02,4,12,3,90,10,243.0
486,192,2026-02-02,4,14,3,75,0,225.0
487,193,2026-09-10,64,15,3,160,10,432.0
488,193,2026-09-10,64,16,2,35,10,63.0
489,194,2026-01-06,10,1,2,55,0,110.0
490,194,2026-01-06,10,12,2,90,0,180.0
491,195,2026-06-24,41,18,1,110,5,104.5
492,195,2026-06-24,41,19,3,95,0,285.0
493,196,2026-04-15,41,3,1,70,0,70.0
494,196,2026-04-15,41,4,1,60,5,57.0
495,196,2026-04-15,41,5,2,120,10,216.0
496,196,2026-04-15,41,8,1,45,0,45.0
497,197,2026-10-24,42,16,2,35,10,63.0
498,197,2026-10-24,42,17,2,85,5,161.5
499,197,2026-10-24,42,6,2,30,0,60.0
500,198,2026-07-17,12,1,1,55,5,52.25
501,198,2026-07-17,12,12,1,90,0,90.0
502,199,2026-08-20,37,3,1,70,10,63.0
503,199,2026-08-20,37,2,1,40,5,38.0
504,199,2026-08-20,37,1,3,55,5,156.75
505,200,2026-07-12,98,1,3,55,0,165.0
506,200,2026-07-12,98,2,2,40,5,76.0
507,201,2026-07-17,10,1,2,55,0,110.0
508,201,2026-07-17,10,12,1,90,0,90.0
509,202,2026-06-26,51,16,2,35,0,70.0
510,202,2026-06-26,51,17,1,85,10,76.5
511,203,2026-01-02,65,1,2,55,10,99.0
512,203,2026-01-02,65,2,1,40,0,40.0
513,203,2026-01-02,65,11,2,45,5,85.5
514,204,2026-07-20,21,15,3,160,10,432.0
515,204,2026-07-20,21,16,3,35,5,99.75
516,205,2026-01-12,61,16,2,35,5,66.5
517,205,2026-01-12,61,17,3,85,0,255.0
518,206,2026-08-09,77,12,3,90,10,243.0
519,206,2026-08-09,77,13,1,140,10,126.0
520,207,2026-04-02,19,3,2,70,10,126.0
521,207,2026-04-02,19,4,1,60,10,54.0
522,207,2026-04-02,19,5,3,120,0,360.0
523,207,2026-04-02,19,15,2,160,10,288.0
524,208,2026-01-23,95,6,3,30,5,85.5
525,208,2026-01-23,95,7,3,35,10,94.5
526,209,2026-07-11,68,7,3,35,5,99.75
527,209,2026-07-11,68,8,3,45,5,128.25
528,210,2026-05-20,87,3,2,70,5,133.0
529,210,2026-05-20,87,2,1,40,5,38.0
530,210,2026-05-20,87,8,2,45,0,90.0
531,211,2026-08-11,89,3,3,70,5,199.5
532,211,2026-08-11,89,2,2,40,0,80.0
533,212,2026-09-13,74,18,1,110,5,104.5
534,212,2026-09-13,74,20,1,125,5,118.75
535,213,2026-02-12,92,1,3,55,10,148.5
536,213,2026-02-12,92,12,1,90,0,90.0
537,214,2026-05-18,69,12,3,90,0,270.0
538,214,2026-05-18,69,14,1,75,0,75.0
539,214,2026-05-18,69,20,3,125,0,375.0
540,215,2026-04-02,82,3,3,70,10,189.0
541,215,2026-04-02,82,4,1,60,0,60.0
542,215,2026-04-02,82,5,1,120,0,120.0
543,216,2026-08-16,53,9,2,80,5,152.0
544,216,2026-08-16,53,10,2,55,0,110.0
545,216,2026-08-16,53,11,1,45,0,45.0
546,217,2026-01-06,69,2,1,40,0,40.0
547,217,2026-01-06,69,6,2,30,10,54.0
548,218,2026-05-02,24,1,1,55,5,52.25
549,218,2026-05-02,24,2,2,40,10,72.0
550,218,2026-05-02,24,3,3,70,10,189.0
551,218,2026-05-02,24,20,1,125,10,112.5
552,219,2026-04-26,35,3,3,70,10,189.0
553,219,2026-04-26,35,4,3,60,5,171.0
554,219,2026-04-26,35,5,3,120,0,360.0
555,220,2026-06-26,2,15,1,160,0,160.0
556,220,2026-06-26,2,16,3,35,10,94.5
557,221,2026-09-11,55,1,1,55,0,55.0
558,221,2026-09-11,55,4,1,60,10,54.0
559,222,2026-04-01,42,12,2,90,5,171.0
560,222,2026-04-01,42,14,2,75,5,142.5
561,223,2026-10-01,75,12,3,90,0,270.0
562,223,2026-10-01,75,14,1,75,0,75.0
563,224,2026-05-06,60,18,3,110,5,313.5
564,224,2026-05-06,60,20,3,125,0,375.0
565,225,2026-05-12,82,12,2,90,0,180.0
566,225,2026-05-12,82,13,2,140,5,266.0
567,225,2026-05-12,82,5,2,120,10,216.0
568,226,2026-09-26,97,9,3,80,0,240.0
569,226,2026-09-26,97,10,3,55,10,148.5
570,226,2026-09-26,97,11,3,45,5,128.25
571,227,2026-10-04,10,1,3,55,0,165.0
572,227,2026-10-04,10,2,3,40,0,120.0
573,228,2026-06-28,22,9,3,80,0,240.0
574,228,2026-06-28,22,1,3,55,10,148.5
575,229,2026-09-15,12,1,3,55,10,148.5
576,229,2026-09-15,12,2,2,40,0,80.0
577,230,2026-08-22,72,15,2,160,5,304.0
578,230,2026-08-22,72,16,1,35,0,35.0
579,231,2026-02-02,75,2,1,40,0,40.0
580,231,2026-02-02,75,6,1,30,10,27.0
581,232,2026-05-14,5,7,3,35,10,94.5
582,232,2026-05-14,5,8,2,45,10,81.0
583,233,2026-07-13,58,1,3,55,0,165.0
584,233,2026-07-13,58,4,3,60,5,171.0
585,234,2026-03-18,16,18,3,110,0,330.0
586,234,2026-03-18,16,20,1,125,0,125.0
587,235,2026-08-22,39,2,1,40,0,40.0
588,235,2026-08-22,39,6,2,30,5,57.0
589,236,2026-05-07,20,3,3,70,0,210.0
590,236,2026-05-07,20,4,1,60,0,60.0
591,236,2026-05-07,20,5,1,120,0,120.0
592,236,2026-05-07,20,14,3,75,0,225.0
593,237,2026-10-22,58,1,2,55,10,99.0
594,237,2026-10-22,58,2,1,40,0,40.0
595,238,2026-01-05,97,9,1,80,5,76.0
596,238,2026-01-05,97,1,3,55,5,156.75
597,239,2026-05-05,31,9,2,80,0,160.0
598,239,2026-05-05,31,1,3,55,0,165.0
599,239,2026-05-05,31,10,3,55,10,148.5
600,240,2026-08-02,72,18,3,110,10,297.0
601,240,2026-08-02,72,19,3,95,5,270.75
602,241,2026-07-14,90,6,3,30,10,81.0
603,241,2026-07-14,90,7,1,35,0,35.0
604,242,2026-03-26,39,1,3,55,10,148.5
605,242,2026-03-26,39,12,2,90,0,180.0
606,243,2026-04-09,50,9,1,80,10,72.0
607,243,2026-04-09,50,10,2,55,0,110.0
608,243,2026-04-09,50,11,3,45,0,135.0
609,244,2026-05-13,7,1,1,55,0,55.0
610,244,2026-05-13,7,2,2,40,0,80.0
611,245,2026-05-01,43,9,3,80,0,240.0
612,245,2026-05-01,43,10,3,55,10,148.5
613,245,2026-05-01,43,11,1,45,0,45.0
614,246,2026-04-18,51,16,2,35,10,63.0
615,246,2026-04-18,51,17,3,85,5,242.25
616,247,2026-05-12,40,9,2,80,0,160.0
617,247,2026-05-12,40,1,3,55,10,148.5
618,248,2026-06-07,98,18,1,110,0,110.0
619,248,2026-06-07,98,19,3,95,0,285.0
620,249,2026-05-18,3,2,2,40,0,80.0
621,249,2026-05-18,3,6,2,30,0,60.0
622,249,2026-05-18,3,7,2,35,5,66.5
623,250,2026-08-24,33,3,3,70,5,199.5
624,250,2026-08-24,33,2,1,40,0,40.0
625,251,2026-09-16,93,7,3,35,0,105.0
626,251,2026-09-16,93,8,3,45,0,135.0
627,252,2026-01-25,10,1,3,55,0,165.0
628,252,2026-01-25,10,2,1,40,0,40.0
629,252,2026-01-25,10,3,1,70,0,70.0
630,253,2026-08-12,65,1,3,55,10,148.5
631,253,2026-08-12,65,2,3,40,10,108.0
632,254,2026-01-18,3,2,3,40,5,114.0
633,254,2026-01-18,3,6,3,30,5,85.5
634,254,2026-01-18,3,17,1,85,10,76.5
635,255,2026-02-04,23,9,3,80,5,228.0
636,255,2026-02-04,23,1,2,55,5,104.5
637,255,2026-02-04,23,7,2,35,0,70.0
638,256,2026-07-15,48,12,1,90,5,85.5
639,256,2026-07-15,48,13,3,140,0,420.0
640,257,2026-01-03,84,18,3,110,10,297.0
641,257,2026-01-03,84,20,1,125,0,125.0
642,258,2026-03-03,90,3,3,70,5,199.5
643,258,2026-03-03,90,2,3,40,0,120.0
644,259,2026-01-08,68,9,3,80,10,216.0
645,259,2026-01-08,68,10,2,55,0,110.0
646,259,2026-01-08,68,11,1,45,5,42.75
647,260,2026-10-22,70,1,1,55,0,55.0
648,260,2026-10-22,70,2,3,40,0,120.0
649,260,2026-10-22,70,11,3,45,10,121.5
650,261,2026-05-06,10,12,2,90,5,171.0
651,261,2026-05-06,10,13,2,140,0,280.0
652,262,2026-02-17,89,18,1,110,0,110.0
653,262,2026-02-17,89,19,2,95,10,171.0
654,262,2026-02-17,89,14,2,75,0,150.0
655,263,2026-05-26,82,1,2,55,10,99.0
656,263,2026-05-26,82,12,2,90,0,180.0
657,264,2026-10-22,88,18,2,110,0,220.0
658,264,2026-10-22,88,20,3,125,0,375.0
659,265,2026-05-05,11,18,3,110,0,330.0
660,265,2026-05-05,11,20,3,125,10,337.5
661,266,2026-06-04,41,1,2,55,5,104.5
662,266,2026-06-04,41,4,2,60,0,120.0
663,266,2026-06-04,41,10,1,55,0,55.0
664,267,2026-07-15,24,9,1,80,0,80.0
665,267,2026-07-15,24,1,2,55,0,110.0
666,268,2026-10-26,77,16,1,35,5,33.25
667,268,2026-10-26,77,17,2,85,10,153.0
668,269,2026-02-24,100,12,1,90,10,81.0
669,269,2026-02-24,100,13,1,140,0,140.0
670,270,2026-05-09,35,3,2,70,5,133.0
671,270,2026-05-09,35,2,2,40,5,76.0
672,270,2026-05-09,35,6,2,30,0,60.0
673,271,2026-05-08,47,3,1,70,10,63.0
674,271,2026-05-08,47,2,1,40,0,40.0
675,272,2026-01-13,39,16,2,35,5,66.5
676,272,2026-01-13,39,17,2,85,5,161.5
677,273,2026-10-05,56,15,3,160,0,480.0
678,273,2026-10-05,56,16,2,35,5,66.5
679,274,2026-07-11,23,15,3,160,10,432.0
680,274,2026-07-11,23,16,3,35,0,105.0
681,275,2026-07-09,42,18,3,110,0,330.0
682,275,2026-07-09,42,20,3,125,0,375.0
683,276,2026-09-01,88,1,1,55,10,49.5
684,276,2026-09-01,88,12,2,90,0,180.0
685,277,2026-08-05,53,15,3,160,10,432.0
686,277,2026-08-05,53,16,2,35,0,70.0
687,277,2026-08-05,53,5,2,120,10,216.0
688,278,2026-07-18,75,9,3,80,10,216.0
689,278,2026-07-18,75,1,3,55,0,165.0
690,279,2026-09-20,47,1,3,55,5,156.75
691,279,2026-09-20,47,4,1,60,0,60.0
692,279,2026-09-20,47,8,3,45,10,121.5
693,280,2026-06-26,97,2,2,40,0,80.0
694,280,2026-06-26,97,6,3,30,0,90.0
695,280,2026-06-26,97,4,2,60,5,114.0
696,281,2026-08-25,51,9,2,80,0,160.0
697,281,2026-08-25,51,1,2,55,10,99.0
698,282,2026-02-27,11,6,2,30,10,54.0
699,282,2026-02-27,11,7,1,35,10,31.5
700,283,2026-08-04,45,1,2,55,5,104.5
701,283,2026-08-04,45,12,1,90,5,85.5
702,284,2026-02-01,6,16,3,35,0,105.0
703,284,2026-02-01,6,17,3,85,0,255.0
704,285,2026-03-18,67,7,2,35,10,63.0
705,285,2026-03-18,67,8,1,45,10,40.5
706,286,2026-03-06,81,2,3,40,0,120.0
707,286,2026-03-06,81,6,2,30,10,54.0
708,287,2026-01-23,50,9,3,80,0,240.0
709,287,2026-01-23,50,10,3,55,0,165.0
710,287,2026-01-23,50,11,2,45,5,85.5
711,287,2026-01-23,50,3,1,70,10,63.0
712,288,2026-05-22,15,3,3,70,5,199.5
713,288,2026-05-22,15,2,3,40,10,108.0
714,289,2026-07-19,79,3,2,70,0,140.0
715,289,2026-07-19,79,4,3,60,5,171.0
716,289,2026-07-19,79,5,3,120,0,360.0
717,290,2026-03-11,87,3,1,70,5,66.5
718,290,2026-03-11,87,4,3,60,0,180.0
719,290,2026-03-11,87,5,3,120,10,324.0
720,291,2026-10-05,54,18,2,110,0,220.0
721,291,2026-10-05,54,20,3,125,0,375.0
722,292,2026-05-05,63,7,2,35,0,70.0
723,292,2026-05-05,63,8,2,45,0,90.0
724,293,2026-03-07,63,18,3,110,10,297.0
725,293,2026-03-07,63,20,2,125,10,225.0
726,294,2026-08-16,54,7,1,35,5,33.25
727,294,2026-08-16,54,8,1,45,5,42.75
728,294,2026-08-16,54,1,1,55,5,52.25
729,295,2026-08-19,22,3,1,70,0,70.0
730,295,2026-08-19,22,2,2,40,5,76.0
731,296,2026-01-25,70,1,2,55,0,110.0
732,296,2026-01-25,70,12,3,90,0,270.0
733,297,2026-01-15,39,12,1,90,10,81.0
734,297,2026-01-15,39,14,1,75,0,75.0
735,298,2026-10-23,27,18,3,110,10,297.0
736,298,2026-10-23,27,19,1,95,0,95.0
737,299,2026-04-26,27,1,3,55,5,156.75
738,299,2026-04-26,27,2,3,40,0,120.0
739,300,2026-05-10,42,12,3,90,0,270.0
740,300,2026-05-10,42,14,1,75,10,67.5
741,301,2026-05-28,8,6,1,30,0,30.0
742,301,2026-05-28,8,7,1,35,5,33.25
743,302,2026-07-16,32,6,2,30,10,54.0
744,302,2026-07-16,32,7,2,35,10,63.0
745,303,2026-02-13,10,9,3,80,5,228.0
746,303,2026-02-13,10,1,2,55,10,99.0
747,304,2026-10-01,42,1,2,55,5,104.5
748,304,2026-10-01,42,4,1,60,10,54.0
749,305,2026-07-27,28,9,2,80,5,152.0
750,305,2026-07-27,28,10,2,55,0,110.0
751,305,2026-07-27,28,11,3,45,10,121.5
752,306,2026-01-02,44,3,2,70,0,140.0
753,306,2026-01-02,44,4,1,60,0,60.0
754,306,2026-01-02,44,5,2,120,10,216.0
755,307,2026-07-07,1,6,2,30,0,60.0
756,307,2026-07-07,1,7,2,35,0,70.0
757,308,2026-06-09,84,1,3,55,0,165.0
758,308,2026-06-09,84,4,1,60,10,54.0
759,309,2026-05-24,81,12,1,90,0,90.0
760,309,2026-05-24,81,13,1,140,0,140.0
761,310,2026-02-05,62,12,2,90,0,180.0
762,310,2026-02-05,62,13,1,140,5,133.0
763,311,2026-07-23,16,6,1,30,10,27.0
764,311,2026-07-23,16,7,1,35,0,35.0
765,312,2026-06-12,14,15,3,160,0,480.0
766,312,2026-06-12,14,16,1,35,0,35.0
767,312,2026-06-12,14,5,3,120,0,360.0
768,313,2026-06-24,57,9,1,80,10,72.0
769,313,2026-06-24,57,10,3,55,10,148.5
770,313,2026-06-24,57,11,1,45,0,45.0
771,314,2026-03-25,13,3,2,70,5,133.0
772,314,2026-03-25,13,4,2,60,5,114.0
773,314,2026-03-25,13,5,1,120,0,120.0
774,315,2026-02-08,36,15,3,160,0,480.0
775,315,2026-02-08,36,16,3,35,5,99.75
776,316,2026-09-20,27,9,2,80,0,160.0
777,316,2026-09-20,27,1,1,55,10,49.5
778,316,2026-09-20,27,13,2,140,0,280.0
779,317,2026-08-21,31,1,1,55,5,52.25
780,317,2026-08-21,31,4,2,60,0,120.0
781,318,2026-10-14,50,18,1,110,10,99.0
782,318,2026-10-14,50,19,1,95,0,95.0
783,319,2026-02-01,76,12,2,90,5,171.0
784,319,2026-02-01,76,14,3,75,10,202.5
785,319,2026-02-01,76,2,2,40,10,72.0
786,320,2026-09-18,11,6,1,30,0,30.0
787,320,2026-09-18,11,7,1,35,5,33.25
788,320,2026-09-18,11,10,2,55,0,110.0
789,321,2026-07-24,40,12,2,90,0,180.0
790,321,2026-07-24,40,13,2,140,0,280.0
791,321,2026-07-24,40,3,2,70,0,140.0
792,322,2026-01-23,16,6,1,30,10,27.0
793,322,2026-01-23,16,7,2,35,5,66.5
794,323,2026-06-05,22,12,1,90,0,90.0
795,323,2026-06-05,22,14,2,75,10,135.0
796,324,2026-09-03,35,12,3,90,0,270.0
797,324,2026-09-03,35,14,2,75,10,135.0
798,325,2026-06-02,66,3,1,70,5,66.5
799,325,2026-06-02,66,2,1,40,5,38.0
800,326,2026-02-19,99,3,1,70,0,70.0
801,326,2026-02-19,99,4,1,60,0,60.0
802,326,2026-02-19,99,5,1,120,10,108.0
803,326,2026-02-19,99,17,2,85,10,153.0
804,327,2026-03-28,20,1,3,55,10,148.5
805,327,2026-03-28,20,2,1,40,5,38.0
806,328,2026-07-24,32,16,3,35,5,99.75
807,328,2026-07-24,32,17,1,85,0,85.0
808,328,2026-07-24,32,3,1,70,0,70.0
809,329,2026-01-13,67,1,2,55,5,104.5
810,329,2026-01-13,67,4,2,60,0,120.0
811,330,2026-08-01,71,18,2,110,0,220.0
812,330,2026-08-01,71,19,2,95,5,180.5
813,331,2026-08-25,76,9,3,80,0,240.0
814,331,2026-08-25,76,10,1,55,0,55.0
815,331,2026-08-25,76,11,2,45,0,90.0
816,332,2026-09-12,30,1,1,55,10,49.5
817,332,2026-09-12,30,2,3,40,5,114.0
818,332,2026-09-12,30,3,1,70,0,70.0
819,333,2026-04-14,68,3,1,70,5,66.5
820,333,2026-04-14,68,2,1,40,0,40.0
821,334,2026-09-14,30,18,3,110,0,330.0
822,334,2026-09-14,30,19,3,95,0,285.0
823,335,2026-03-21,65,18,1,110,10,99.0
824,335,2026-03-21,65,20,3,125,0,375.0
825,335,2026-03-21,65,19,1,95,5,90.25
826,336,2026-06-26,34,18,3,110,5,313.5
827,336,2026-06-26,34,20,2,125,10,225.0
828,337,2026-04-03,35,9,1,80,0,80.0
829,337,2026-04-03,35,10,1,55,0,55.0
830,337,2026-04-03,35,11,2,45,10,81.0
831,337,2026-04-03,35,19,2,95,10,171.0
832,338,2026-09-12,16,9,2,80,5,152.0
833,338,2026-09-12,16,10,1,55,0,55.0
834,338,2026-09-12,16,11,1,45,5,42.75
835,339,2026-10-02,91,9,2,80,0,160.0
836,339,2026-10-02,91,10,1,55,0,55.0
837,339,2026-10-02,91,11,2,45,10,81.0
838,340,2026-01-22,66,15,1,160,10,144.0
839,340,2026-01-22,66,16,2,35,0,70.0
840,340,2026-01-22,66,6,1,30,10,27.0
841,341,2026-03-04,14,1,1,55,0,55.0
842,341,2026-03-04,14,2,2,40,5,76.0
843,341,2026-03-04,14,3,3,70,0,210.0
844,341,2026-03-04,14,8,3,45,5,128.25
845,342,2026-01-03,10,9,2,80,0,160.0
846,342,2026-01-03,10,10,1,55,5,52.25
847,342,2026-01-03,10,11,1,45,0,45.0
848,343,2026-01-06,60,2,2,40,10,72.0
849,343,2026-01-06,60,6,1,30,10,27.0
850,344,2026-07-06,88,18,2,110,5,209.0
851,344,2026-07-06,88,19,2,95,0,190.0
852,344,2026-07-06,88,6,1,30,0,30.0
853,345,2026-05-16,83,2,2,40,0,80.0
854,345,2026-05-16,83,6,1,30,5,28.5
855,346,2026-03-14,50,9,3,80,0,240.0
856,346,2026-03-14,50,10,3,55,0,165.0
857,346,2026-03-14,50,11,2,45,5,85.5
858,347,2026-09-26,62,3,3,70,5,199.5
859,347,2026-09-26,62,2,2,40,5,76.0
860,348,2026-01-11,24,12,1,90,10,81.0
861,348,2026-01-11,24,13,3,140,5,399.0
862,348,2026-01-11,24,9,3,80,0,240.0
863,349,2026-02-08,21,12,1,90,10,81.0
864,349,2026-02-08,21,13,2,140,0,280.0
865,349,2026-02-08,21,2,1,40,0,40.0
866,350,2026-06-26,76,18,1,110,5,104.5
867,350,2026-06-26,76,19,3,95,0,285.0
868,351,2026-04-27,73,3,1,70,10,63.0
869,351,2026-04-27,73,2,1,40,0,40.0
870,352,2026-04-20,8,12,1,90,5,85.5
871,352,2026-04-20,8,13,3,140,0,420.0
872,352,2026-04-20,8,16,1,35,5,33.25
873,353,2026-03-26,92,16,3,35,0,105.0
874,353,2026-03-26,92,17,1,85,5,80.75
875,353,2026-03-26,92,5,1,120,5,114.0
876,354,2026-07-19,91,3,2,70,0,140.0
877,354,2026-07-19,91,4,1,60,10,54.0
878,354,2026-07-19,91,5,3,120,10,324.0
879,355,2026-06-06,84,18,1,110,10,99.0
880,355,2026-06-06,84,19,2,95,5,180.5
881,356,2026-03-24,17,1,3,55,10,148.5
882,356,2026-03-24,17,2,3,40,0,120.0
883,356,2026-03-24,17,3,1,70,5,66.5
884,357,2026-04-21,79,3,1,70,5,66.5
885,357,2026-04-21,79,4,3,60,0,180.0
886,357,2026-04-21,79,5,1,120,5,114.0
887,358,2026-03-21,41,1,3,55,5,156.75
888,358,2026-03-21,41,4,2,60,0,120.0
889,359,2026-04-08,34,1,1,55,0,55.0
890,359,2026-04-08,34,4,1,60,10,54.0
891,360,2026-07-06,57,2,2,40,5,76.0
892,360,2026-07-06,57,6,3,30,10,81.0
893,361,2026-08-26,13,12,1,90,5,85.5
894,361,2026-08-26,13,13,1,140,5,133.0
895,361,2026-08-26,13,3,2,70,0,140.0
896,362,2026-06-06,10,18,3,110,0,330.0
897,362,2026-06-06,10,20,2,125,10,225.0
898,362,2026-06-06,10,3,3,70,0,210.0
899,363,2026-03-20,56,2,2,40,0,80.0
900,363,2026-03-20,56,6,1,30,10,27.0
901,363,2026-03-20,56,4,3,60,5,171.0
902,364,2026-05-10,85,12,3,90,10,243.0
903,364,2026-05-10,85,13,1,140,0,140.0
904,365,2026-01-14,47,1,2,55,0,110.0
905,365,2026-01-14,47,4,1,60,0,60.0
906,365,2026-01-14,47,20,1,125,0,125.0
907,366,2026-05-03,82,3,2,70,10,126.0
908,366,2026-05-03,82,2,2,40,10,72.0
909,367,2026-05-03,85,18,2,110,0,220.0
910,367,2026-05-03,85,20,2,125,0,250.0
911,367,2026-05-03,85,13,2,140,10,252.0
912,368,2026-05-08,60,12,1,90,0,90.0
913,368,2026-05-08,60,14,1,75,5,71.25
914,369,2026-07-25,70,12,2,90,10,162.0
915,369,2026-07-25,70,13,3,140,10,378.0
916,370,2026-04-16,74,15,3,160,0,480.0
917,370,2026-04-16,74,16,1,35,10,31.5
918,370,2026-04-16,74,2,1,40,0,40.0
919,371,2026-04-05,28,1,3,55,10,148.5
920,371,2026-04-05,28,2,1,40,0,40.0
921,372,2026-05-11,77,1,2,55,5,104.5
922,372,2026-05-11,77,4,2,60,10,108.0
923,372,2026-05-11,77,18,1,110,10,99.0
924,373,2026-07-05,15,6,3,30,0,90.0
925,373,2026-07-05,15,7,1,35,0,35.0
926,374,2026-09-12,37,2,3,40,10,108.0
927,374,2026-09-12,37,6,1,30,0,30.0
928,374,2026-09-12,37,16,2,35,10,63.0
929,375,2026-10-20,19,18,3,110,0,330.0
930,375,2026-10-20,19,20,1,125,10,112.5
931,375,2026-10-20,19,11,2,45,5,85.5
932,376,2026-06-27,3,15,2,160,0,320.0
933,376,2026-06-27,3,16,1,35,0,35.0
934,377,2026-08-25,39,16,3,35,0,105.0
935,377,2026-08-25,39,17,1,85,10,76.5
936,377,2026-08-25,39,14,1,75,10,67.5
937,378,2026-08-25,95,9,1,80,0,80.0
938,378,2026-08-25,95,1,1,55,5,52.25
939,379,2026-09-13,91,6,3,30,0,90.0
940,379,2026-09-13,91,7,1,35,0,35.0
941,380,2026-01-08,26,1,2,55,0,110.0
942,380,2026-01-08,26,2,2,40,5,76.0
943,381,2026-09-13,60,3,1,70,5,66.5
944,381,2026-09-13,60,4,2,60,10,108.0
945,381,2026-09-13,60,5,1,120,10,108.0
946,382,2026-09-12,76,18,3,110,0,330.0
947,382,2026-09-12,76,19,2,95,0,190.0
948,382,2026-09-12,76,9,2,80,0,160.0
949,383,2026-10-25,21,9,3,80,0,240.0
950,383,2026-10-25,21,10,3,55,0,165.0
951,383,2026-10-25,21,11,2,45,10,81.0
952,384,2026-01-28,66,1,1,55,0,55.0
953,384,2026-01-28,66,2,3,40,0,120.0
954,384,2026-01-28,66,3,1,70,5,66.5
955,385,2026-05-23,78,12,2,90,5,171.0
956,385,2026-05-23,78,14,2,75,5,142.5
957,386,2026-08-10,28,9,2,80,0,160.0
958,386,2026-08-10,28,1,1,55,5,52.25
959,387,2026-10-20,72,15,2,160,0,320.0
960,387,2026-10-20,72,16,2,35,5,66.5
961,387,2026-10-20,72,4,3,60,5,171.0
962,388,2026-05-21,36,15,1,160,0,160.0
963,388,2026-05-21,36,16,3,35,10,94.5
964,388,2026-05-21,36,17,3,85,5,242.25
965,389,2026-03-24,88,1,2,55,5,104.5
966,389,2026-03-24,88,2,2,40,10,72.0
967,389,2026-03-24,88,3,2,70,0,140.0
968,390,2026-10-27,75,9,3,80,0,240.0
969,390,2026-10-27,75,10,3,55,10,148.5
970,390,2026-10-27,75,11,3,45,5,128.25
971,391,2026-05-28,65,7,3,35,0,105.0
972,391,2026-05-28,65,8,2,45,0,90.0
973,392,2026-03-24,61,12,3,90,0,270.0
974,392,2026-03-24,61,14,3,75,5,213.75
975,393,2026-02-08,84,18,2,110,5,209.0
976,393,2026-02-08,84,19,2,95,5,180.5
977,393,2026-02-08,84,10,3,55,5,156.75
978,394,2026-02-16,60,1,3,55,0,165.0
979,394,2026-02-16,60,2,2,40,0,80.0
980,395,2026-02-28,65,18,2,110,0,220.0
981,395,2026-02-28,65,20,1,125,0,125.0
982,396,2026-06-14,26,1,1,55,10,49.5
983,396,2026-06-14,26,12,2,90,0,180.0
984,396,2026-06-14,26,6,2,30,0,60.0
985,397,2026-08-09,1,9,1,80,0,80.0
986,397,2026-08-09,1,10,2,55,0,110.0
987,397,2026-08-09,1,11,1,45,10,40.5
988,398,2026-07-13,82,2,2,40,0,80.0
989,398,2026-07-13,82,6,1,30,0,30.0
990,399,2026-06-01,94,16,3,35,0,105.0
991,399,2026-06-01,94,17,1,85,0,85.0
992,400,2026-04-08,81,18,1,110,10,99.0
993,400,2026-04-08,81,19,3,95,5,270.75
